Instancia,Clientes,Modo,Semilla,Iteraciones,TabuTenure,Swap,Relocate,FitnessGreedy,FitnessTabu,Mejora,PenalizacionGreedy,PenalizacionTabu,VehiculosGreedy,VehiculosTabu,TiempoTabuMs
C101,100,T,1782184535,10000,15,1,1,469110,23351.1,445759,46587.7,2115.94,10,10,775119
C102,100,T,1782184535,10000,15,1,1,449113,2516.33,446597,44584.3,12.8952,10,10,928909
C103,100,T,1782184535,10000,15,1,1,293863,2135.93,291727,29130.9,0,10,10,1.05748e+06
C1_4_1,400,T,1782184535,10000,15,1,1,1.63262e+06,1.42773e+06,204895,161342,140742,36,36,320693
R1_6_1,600,T,1782184535,10000,15,1,1,1.19177e+06,1.05662e+06,135149,115329,101781,54,54,162339
