Instancia,Clientes,Modo,Semilla,Iteraciones,TabuTenure,Swap,Relocate,FitnessGreedy,FitnessTabu,Mejora,PenalizacionGreedy,PenalizacionTabu,VehiculosGreedy,VehiculosTabu,TiempoTabuMs
C101,100,T,1782190961,10000,15,1,1,469110,37664.4,431446,46587.7,3521.94,10,10,35231.4
C102,100,T,1782190961,10000,15,1,1,449113,4776.18,444337,44584.3,215.886,10,10,38447.7
C103,100,T,1782190961,10000,15,1,1,293863,2329.62,291534,29130.9,1.20186,10,10,35378.4
C1_4_1,400,T,1782190961,10000,15,1,1,1.63262e+06,1.49074e+06,141883,161342,146974,36,36,9633.21
R1_6_1,600,T,1782190961,10000,15,1,1,1.19177e+06,1.12944e+06,62330.4,115329,109013,54,54,6398.76
