Instancia,Clientes,Modo,Semilla,Iteraciones,TabuTenure,Swap,Relocate,FitnessGreedy,FitnessTabu,Mejora,PenalizacionGreedy,PenalizacionTabu,VehiculosGreedy,VehiculosTabu,TiempoTabuMs
C101,100,T,1782182186,5000,15,1,1,469110,71483.2,397627,46587.7,6843.15,10,10,213264
C102,100,T,1782182186,5000,15,1,1,449113,35893.5,413220,44584.3,3288.33,10,10,253060
C103,100,T,1782182186,5000,15,1,1,293863,5880.14,287983,29130.9,271.044,10,10,363947
C1_4_1,400,T,1782182186,5000,15,1,1,1.63262e+06,1.51089e+06,121733,161342,149136,36,36,90167.4
R1_6_1,600,T,1782182186,5000,15,1,1,1.19177e+06,1.11934e+06,72434.6,115329,108065,54,54,69943.2
