Instancia,Clientes,Modo,Semilla,Iteraciones,TabuTenure,Swap,Relocate,FitnessGreedy,FitnessTabu,Mejora,PenalizacionGreedy,PenalizacionTabu,VehiculosGreedy,VehiculosTabu,TiempoTabuMs
C101,100,T,1782190252,5000,15,1,1,469110,79389.3,389721,46587.7,7642.43,10,10,21156.3
C102,100,T,1782190252,5000,15,1,1,449113,33994,415119,44584.3,3081.92,10,10,19284.3
C103,100,T,1782190252,5000,15,1,1,293863,7566.84,286296,29130.9,422.687,10,10,16816.5
C1_4_1,400,T,1782190252,5000,15,1,1,1.63262e+06,1.57194e+06,60678.9,161342,155214,36,36,4369.26
R1_6_1,600,T,1782190252,5000,15,1,1,1.19177e+06,1.16214e+06,29629.7,115329,112325,54,54,3115.24
