Instancia,Clientes,Modo,Semilla,Iteraciones,TabuTenure,Swap,Relocate,FitnessGreedy,FitnessTabu,Mejora,PenalizacionGreedy,PenalizacionTabu,VehiculosGreedy,VehiculosTabu,TiempoTabuMs
C101,100,T,1782181211,5000,15,1,1,469110,66856.4,402254,46587.7,6399.76,10,10,96426.4
C102,100,T,1782181211,5000,15,1,1,449113,37240.6,411873,44584.3,3411.97,10,10,99286.6
C103,100,T,1782181211,5000,15,1,1,293863,4755.64,289108,29130.9,157.033,10,10,101366
C1_4_1,400,T,1782181211,5000,15,1,1,1.63262e+06,1.52239e+06,110232,161342,150242,36,36,25413.7
R1_6_1,600,T,1782181211,5000,15,1,1,1.19177e+06,1.11895e+06,72818,115329,108020,54,54,17905.8
