Instancia,Clientes,Modo,Semilla,Iteraciones,TabuTenure,Swap,Relocate,FitnessGreedy,FitnessTabu,Mejora,PenalizacionGreedy,PenalizacionTabu,VehiculosGreedy,VehiculosTabu,TiempoTabuMs
C101,100,T,1782105844,5000,15,1,1,469110,115281,353829,46587.7,11248.4,10,10,23851.3
C102,100,T,1782105844,5000,15,1,1,449113,95547.1,353566,44584.3,9246.13,10,10,21883.4
C103,100,T,1782105844,5000,15,1,1,293863,25872.1,267991,29130.9,2282.19,10,10,28867.9
C1_4_1,400,T,1782105844,5000,15,1,1,1.63262e+06,1.49696e+06,135659,161342,147755,36,36,666214
R1_6_1,600,T,1782105844,5000,15,1,1,1.19177e+06,1.10318e+06,88594.5,115329,106528,54,54,1.71012e+06
R2_8_1,800,T,1782105844,5000,15,1,1,1.69008e+07,1.61728e+07,727953,1.68419e+06,1.61139e+06,15,15,1.82963e+06
RC210_1,1000,T,1782105844,5000,15,1,1,1.87076e+07,1.81789e+07,528676,1.86398e+06,1.81111e+06,18,18,2.86224e+06
